transaction_id,user_id,amount,timestamp
T0,invalid-user,-571,invalid-date
3c988366-4cf1-4181-bd9c-8e2d01e5ebef,c8a597b8-00a7-4470-912e-17d6ef16cff2,965.8,2025-01-01T10:01:00Z
8eddb296-a8d8-45c0-8d34-c4237f687bd4,88e82a61-0d3d-4086-85d1-c0a25f7e7174,682.09,2025-01-01T10:02:00Z
db3fe0af-3942-4e07-99e3-ec10b4aa0780,ab45d5a9-65ff-414f-8d82-ed4c3fcd254f,283.22,2025-01-01T10:03:00Z
abe4bb15-70c1-4451-99ae-b89663e54fe7,34f20cc6-41d2-4afc-8282-d1fc18fe60f7,182.43,2025-01-01T10:04:00Z
42290803-46c3-427c-b588-582da025fe42,d8c42564-6590-44e6-a4aa-81b330c9d7da,535.72,2025-01-01T10:05:00Z
6e5d1729-6389-437a-87d5-3bd81709d0d3,a1bd2a8c-e194-462c-ae15-3b117484a890,643.37,2025-01-01T10:06:00Z
acdfccd4-b2a9-47d1-98ef-a69e7d7d1a18,474c9526-4a2e-4288-9279-669e6d9597c8,208.41,2025-01-01T10:07:00Z
0a9293a3-e488-45e4-8bd8-905f9cb8bfff,f14a4f56-3dd6-4578-bc77-ceeb770dc945,701.54,2025-01-01T10:08:00Z
3ee69559-03d2-4459-9ebe-584d5de30198,34190ece-5a68-4644-bfaf-a333591e4d00,424.49,2025-01-01T10:09:00Z
2baeb03c-127a-4aee-bfda-41ff94f92729,eafda654-27b7-47e3-b9ee-a00572ed2d80,248.4,2025-01-01T10:10:00Z
99ac974d-de2a-49d5-9a3f-a826da74ddcd,67c546d4-b0d1-4867-86ff-4a2a9d5d3b5f,306.81,2025-01-01T10:11:00Z
a52ec8be-6f13-4f2e-95e6-6eab85a85da6,2f31ee0f-ed05-450d-98bd-f41e1939d55b,292.48,2025-01-01T10:12:00Z
3b8dca41-329e-4276-af73-6f7110928724,dc961f3e-05c6-4986-92df-f59e0c31e198,504.14,2025-01-01T10:13:00Z
08728560-cc20-43c0-8fe0-9460e52c53ab,678d5bdc-2a30-4916-b3b2-fc192f1d82ba,452.42,2025-01-01T10:14:00Z
4da86f61-7bba-49a5-9dbf-988629146c8e,185ebcd3-a84d-405a-8eed-2d14c7f2e3b4,-31,2025-01-01T10:15:00Z
0dc7abae-f75f-4649-9fce-7d51d35d3015,ace7af35-b904-40d9-b3e9-ceb3655b46f5,947.09,2025-01-01T10:16:00Z
e4594ecd-d441-4855-959e-fc7e749a3411,22a6b61f-03ff-4816-87e7-d66f5ee013a7,771.21,2025-01-01T10:17:00Z
985e8589-d889-4078-b5b4-0828abebc1d6,f4ae955a-33dc-41ad-b576-6c2381606fb6,57973,2025-01-01T10:18:00Z
a1157885-7f22-448c-9265-108c88f3c24f,390a28a5-1357-4975-badd-94b134faa9ae,807.81,2025-01-01T10:19:00Z
T20,f3de8cb2-8e68-4635-910f-d4c37ffaa4f6,913.66,2025-01-01T10:20:00Z
d052f50f-0951-49f1-963d-f9a83b96af84,c329d2c7-620a-47a3-b4b1-a59305e74222,303.58,2025-01-01T10:21:00Z
9339fac6-eba4-4d73-bf4e-05805099478a,9c4fc640-55bd-4676-9857-aa28912c57f7,abc,2025-01-01T10:22:00Z
6651f3dd-4d79-49cc-ae11-342830695437,3462d881-ae6b-42dc-aa7b-6fbc2d99568a,940.36,2025-01-01T10:23:00Z
aa844b8b-6405-41af-b8e4-904f3554ed92,1b9ac246-6381-42ea-9002-5a3f9dd1eccd,966.39,2025-01-01T10:24:00Z
10ee9eb9-f2e6-4208-8a2f-33ea109e5edd,invalid-user,409.21,2025-01-01T10:25:00Z
718a29b1-01ab-408f-8594-1813a7540ff7,76c3d76a-c5ae-4a50-9ded-684106d2d9d8,66.84,2025-01-01T10:26:00Z
707c0f21-ca3a-430b-a4f5-b79c71762333,e098d7a8-96cb-4ae3-b8d4-a76585f2c007,163.67,2025-01-01T10:27:00Z
ca926375-a329-4229-a659-b3b86c9a7c47,1f6ef8f9-8bdc-4019-81d7-87b138de9764,25.36,2025-01-01T10:28:00Z
0714de71-ca74-4ff8-bc14-9204181f7999,7c9d5305-5b64-46fd-9777-dc6fdd3ef183,177.54,2025-01-01T10:29:00Z
3f0d0323-acb4-4436-9306-10121b91eaa1,f8c17ed0-e89a-44c8-807c-19456caf305a,-880,invalid-date
575cb273-a50a-41bd-b145-d8f5f525b9d4,0e3ef855-e0a1-42b3-872e-69e53883e87e,501.28,2025-01-01T10:31:00Z
02dd2a3b-2b9a-469b-bd7d-eb7fa6496c7e,fd3ae3cd-5ff8-46e0-88a6-09c04b0f6f0c,978.55,2025-01-01T10:32:00Z
58ecf040-aa1a-421c-9395-40b73530d0fb,1ea09c02-a8e7-4d57-a644-ecec1e59eb9e,968.49,2025-01-01T10:33:00Z
6205577c-9373-4647-b94d-778b4f652909,2bb9a4fe-62d8-436d-b428-adfbf38b508f,704.82,2025-01-01T10:34:00Z
d4164ed4-2bb6-4860-9bc7-23003c21ea00,e7d84cd5-d35b-444f-98de-77b6effdeb11,969.05,2025-01-01T10:35:00Z
9d4b7726-6bb8-4036-b716-5b558c813d49,7d47421b-139d-40cc-a63e-5993a4986fe3,92489,2025-01-01T10:36:00Z
e7f5c017-1d51-481c-bc7e-60497274b501,6ea6ac8b-5964-4a3e-bc12-43b1cbf79e5a,974.59,2025-01-01T10:37:00Z
8e569b7f-c712-44c0-8d5b-7bb9d6d350fe,2c8ddf02-811f-40e0-9ce0-fb0960d8df1c,420.14,2025-01-01T10:38:00Z
89d8f561-8248-47ea-be19-53a9272a3e2c,4deb90a0-0034-4391-a545-5e74fce18f47,481.7,2025-01-01T10:39:00Z
T40,2f87d29b-d72a-462c-8436-6bfcd701924d,319.18,2025-01-01T10:40:00Z
008e227d-3dbd-43f5-bbb8-c7c70b951393,cddce9a5-d1c2-40e6-8276-f672db431cdf,689.83,2025-01-01T10:41:00Z
3d867a3e-6d5f-4ece-9f28-d6b2a7974660,0eda5fa8-541b-4a23-b390-64a83e521051,885.29,2025-01-01T10:42:00Z
fc9818a1-dad3-45c0-8320-9213852c3dfb,16e604a6-26f6-487a-93e6-48be0b6f666a,430.36,2025-01-01T10:43:00Z
163d1ee6-a104-4ee8-b8eb-b2f0b289566b,0066ecd4-20f8-4e82-8205-d5600b307906,abc,2025-01-01T10:44:00Z
8dab7291-c0ff-40f5-b679-8ffeaff6c0bd,fba62810-6408-48ac-b7d5-e081b07f51d6,-920,2025-01-01T10:45:00Z
e434ae43-1587-456d-8ef7-3c65af774ca0,541770be-90cc-43d5-9e9e-2a87aa209ea0,839.45,2025-01-01T10:46:00Z
c1033885-dff3-4dfa-afee-d31ad1c01dbb,98dc3d08-b34a-4301-a52a-202e32261953,801.79,2025-01-01T10:47:00Z
3146bdc4-2d0b-4c22-886f-b64425256ac9,7a0ee879-bcbf-44c9-b522-713fe81daab5,402.2,2025-01-01T10:48:00Z
12cac7c4-648d-4dd3-adcc-231cee38bf84,449ceab7-58cb-453e-9d26-1ef3df902ba8,990.58,2025-01-01T10:49:00Z
bc51c200-013e-43a6-9292-95b356a87568,invalid-user,989.04,2025-01-01T10:50:00Z
acf074d0-1787-4d2f-8586-a7415684901f,28bf7ab4-07a4-4611-9b27-8c6bcdc9ffaa,168.45,2025-01-01T10:51:00Z
2639d077-af5c-417c-8dde-b2d9e78f4546,46b43b16-005f-4db9-8111-87ce5cb33fa0,674.55,2025-01-01T10:52:00Z
daec6e78-4167-4c1a-8bac-43291d3e275d,0c5ae01f-84f0-4c93-9b1b-77c03466ed97,968.26,2025-01-01T10:53:00Z
db49f2b6-16fa-4167-b837-685698c4439c,52a83c8f-84fa-4dc8-88c3-15038316fd6b,92268,2025-01-01T10:54:00Z
0ce8b1b2-a2a7-4364-b538-42fd3822c708,c1a6e0e2-348c-4e74-9297-fda4a35a4b1c,540.06,2025-01-01T10:55:00Z
0268a1a0-397f-47b4-991a-5418292b102b,a950b57e-df50-430b-92eb-f2dc176ac672,737.02,2025-01-01T10:56:00Z
4501c316-1084-476f-a40e-fa63aa56c9e0,edc0775b-653f-4f70-9552-de32fe95b437,595.04,2025-01-01T10:57:00Z
4573d4ab-658a-46a7-a936-219065fa9869,5d60ec54-0ae5-4d79-bc9a-d9780602a3b9,360.55,2025-01-01T10:58:00Z
4e57b469-b2fe-47bf-94a0-a3f0cd1a1f7a,6acd2233-2e0a-4e0b-95aa-70aed0d8b5e5,266.29,2025-01-01T10:59:00Z
T60,019f4f63-a9b8-4da5-b0f3-dea45f728b90,-709,invalid-date
eb6e28d0-463f-49d5-945d-68b5952620c1,edc40538-60cf-4cee-9ae2-04ac4caad88f,987.26,2025-01-01T11:01:00Z
049c043a-7c4a-4697-bf5c-40d4ceb75f73,090cac61-3228-408c-be5b-acb1f870c761,877.73,2025-01-01T11:02:00Z
1c4aebc3-197a-45f2-bc2e-5eee6b0f09e3,b2cdbeca-2ec6-42bc-a2cf-1aede19892d0,348.66,2025-01-01T11:03:00Z
b2581349-f4fb-48d8-a343-1e5f86594104,4d86d16f-4299-4c9b-9535-f3f688f974da,588.81,2025-01-01T11:04:00Z
c27c6ed5-ca36-415f-8575-71a6b87e2bfb,120136cd-6390-4149-b508-b354a06917fe,796.76,2025-01-01T11:05:00Z
e46330e1-ee10-43e3-a1ed-4b8dc5df6c58,03fc281f-017b-4772-8520-020b82b802f2,abc,2025-01-01T11:06:00Z
8b3c2a22-676c-4b66-a341-7c2a95b179e7,39d8c3f7-81eb-4d0c-9fd0-4c82244bfebd,729.37,2025-01-01T11:07:00Z
df450abb-be62-422e-b0f8-628d8eb345e5,88458e41-be01-4dbe-81c7-40dc70187f6c,943.08,2025-01-01T11:08:00Z
9d8b7f79-24c1-4cd4-8128-e4351d7e6a6d,1b1cc373-5ec1-4da3-8e85-7aea5e0b469e,84.73,2025-01-01T11:09:00Z
baf2d0a1-de25-4304-acee-e74690f1aca5,1551d0a9-df84-4ff9-986c-aa96a2c6d0c0,388.23,2025-01-01T11:10:00Z
0bae9282-9197-4cc0-9741-54f0211c51e7,393fdcb4-403e-4955-ba1e-61ecb2583065,416.74,2025-01-01T11:11:00Z
c5240af8-1c7b-42dd-b213-927e00bcb67a,c3548e72-7c21-4bef-8d62-ea6a8e08c79b,86513,2025-01-01T11:12:00Z
8c08d95d-1f70-44aa-b9b9-904ffbda66d0,c458bfb0-2e87-4c89-90ad-ae20e6460690,926.07,2025-01-01T11:13:00Z
27ee5f41-db8e-490e-ad66-b4fa3280be70,47f0e2b5-d520-476f-b25c-f20382ba5046,319.17,2025-01-01T11:14:00Z
017e87c1-8546-4ca6-9ec9-7af00d3909e2,invalid-user,-60,2025-01-01T11:15:00Z
72226556-d009-4979-9f32-c6b4d7557d25,9d8c4166-d76a-476f-8578-834465c6b8d7,489.62,2025-01-01T11:16:00Z
9a2bd677-64dd-4fca-bfd9-eb53bc391b1a,de406b7c-2db6-4eaf-9e85-e74808668110,462.27,2025-01-01T11:17:00Z
1e71c81e-165a-4421-bdbc-78b071d2b5b5,1716b694-0230-4708-83b2-f7ed890aa6e2,239.17,2025-01-01T11:18:00Z
03c5d6b0-5529-4cae-b7e7-0fd7577ef05c,bf7ebf86-7599-4589-9b6a-a75c77d7dc9b,452.88,2025-01-01T11:19:00Z
T80,5b6a83b3-0b52-4d12-a068-38b25af2827d,235.53,2025-01-01T11:20:00Z
679798f9-a0ad-47fb-87d1-c13b62ada0e7,aa77d2dd-308d-4f33-9584-cf23d3fe378d,974.23,2025-01-01T11:21:00Z
e6932419-228c-4c29-a1ab-5649f59ede1b,d840437c-9e11-4036-b197-fd83e67ace42,710.2,2025-01-01T11:22:00Z
87e0e377-1b8e-49cd-8fa5-8fb82a9bbe96,1454e15e-8873-4416-a27c-f9363ec26fab,859.16,2025-01-01T11:23:00Z
2462160c-cd25-44d4-b51d-82df182a8c8f,bb0606ed-8a16-4689-89ec-71bcbc44557f,720.56,2025-01-01T11:24:00Z
8d4830d0-f2d5-41b6-809d-5a81c025d5cb,93c32332-eba3-43de-b134-739bff6ce9af,477.17,2025-01-01T11:25:00Z
3278efd5-a8db-4aa9-9666-7c78d83cc5b0,f745f4bb-58c4-494b-8740-f7f21469e85c,174.92,2025-01-01T11:26:00Z
46e186f6-fb62-48cc-be5e-c9018794aed1,f4bfdbfb-4345-4c80-86f1-6e00b3eafb22,880.6,2025-01-01T11:27:00Z
1ba7b5d8-7ef7-42b5-a535-bad46dfc31e1,dc545d7a-a5fa-4ea5-8392-f1f71c4a0890,abc,2025-01-01T11:28:00Z
5bd4e470-befc-451c-aba0-7077099a8bbf,0d8cadeb-624d-4ecf-804e-a5c291cc1842,670.92,2025-01-01T11:29:00Z
f2aba85d-9f32-4cc1-a128-45c36096e836,19f2d4b0-b68b-45c6-bd00-1f465d695959,-729,invalid-date
5617a944-878e-4afd-9b53-9612d3912377,2dd7fcbd-3f99-422a-9b85-07c9712efa2c,764.31,2025-01-01T11:31:00Z
89906aed-47d9-46a6-9810-51b1ce948de8,259a59b6-a829-483b-92a0-e4ff2e10c323,560.15,2025-01-01T11:32:00Z
aeedcb82-5fa8-4650-9610-71098ba686da,c31d2168-d553-4761-9c38-3dc79629696c,862.84,2025-01-01T11:33:00Z
fea8d38f-a7c3-425c-a574-b993cf2637fe,f5249b76-1733-4014-a6de-2f0162d93f90,742.38,2025-01-01T11:34:00Z
b5dcdb66-c53e-4a4c-9f87-933e799d03f8,2366c579-a9c2-4b56-9dd1-27ede2b88e1e,436.81,2025-01-01T11:35:00Z
05fb9483-083e-4abb-8f91-72160a1150ec,c74c18cb-f4fd-49c5-9238-5bd537a691f7,323.45,2025-01-01T11:36:00Z
493f9e27-c868-4cd7-bea6-96708f289cdf,4d42a659-83ad-4c9c-b7e1-4f765cff427d,75.49,2025-01-01T11:37:00Z
e862261a-029e-410e-8a72-4e012375a276,87257cbd-d1c6-4301-b71c-d817f3adeec8,434.59,2025-01-01T11:38:00Z
67431c80-ab9a-4dc9-93a6-cd6660aacd20,d1aa7447-c76e-4644-b0fd-398327f68188,418.08,2025-01-01T11:39:00Z
T100,invalid-user,215.12,2025-01-01T11:40:00Z
a96ffe88-c9c3-408d-a91f-902e2fc8c125,402b94c1-3d2b-4f46-a9fd-2ddb32bfb32e,180.18,2025-01-01T11:41:00Z
a1099317-d68e-4c5c-a52e-370499990f7b,33f43fe1-49fa-4530-a19d-6ab9df2fdd77,920.28,2025-01-01T11:42:00Z
99cbe825-f2c2-4069-8175-fdd3a11f7141,83faef4b-ae59-4ce4-9a43-c483e6cc1552,700.9,2025-01-01T11:43:00Z
8893c950-e57b-4e83-87e7-2ad931ab3f18,21fccef6-6a71-4398-b753-c041278b89b4,299.26,2025-01-01T11:44:00Z
86a4e16f-85a6-4f89-89a0-ba79d91c6067,a829ce2f-5ac6-4606-b4a5-c588d036bb8a,-228,2025-01-01T11:45:00Z
2d305fd1-c658-4676-ba5c-fade91812333,510a45ba-701d-4380-9144-39570ffcf051,533.12,2025-01-01T11:46:00Z
51ecc38d-865b-416f-97bb-665241e8d9c9,3ff40801-f0e6-4a66-a64b-67118115f1d0,620.84,2025-01-01T11:47:00Z
4f1cee91-b742-46fb-a609-6e1ccfeb1380,83a69b19-50f7-456e-993c-be661ad600d6,57296,2025-01-01T11:48:00Z
082f4d04-a7ed-4bb9-b4e3-350606a49481,1aad347d-1ab5-4063-8a47-7185962d2c18,723.1,2025-01-01T11:49:00Z
a5138c5b-f8cc-4e17-ba17-c3fc0ab954e9,02b63c13-387b-48ec-af17-a0ac33975373,abc,2025-01-01T11:50:00Z
3621d9d6-6e55-4f13-8372-41fb24a52ae0,27602b7e-e481-43c8-ad9e-95408851b197,421.81,2025-01-01T11:51:00Z
dd2585a7-bb36-4b19-96e0-d2d89d3d3c45,ea6c1665-683b-493b-af8b-31ae6b5cd483,899.11,2025-01-01T11:52:00Z
cbe1df21-7194-4263-beca-272ba8fc3b70,3532e90c-ee57-4a35-9bcc-660c0fe35c80,448.79,2025-01-01T11:53:00Z
fea7f687-b5a7-4135-a551-7d1cc159d629,f2daab52-e640-47ff-a62f-8be16f04cad7,316.87,2025-01-01T11:54:00Z
75a31b22-98fc-41ba-b02f-09744f60c481,c284e3c2-cd4a-4611-8532-0855a1aa021d,600.26,2025-01-01T11:55:00Z
2c318206-c767-4af2-abde-54451775a26b,ba5d8e9c-0e49-48ba-88bb-1fa86659c0bb,695.6,2025-01-01T11:56:00Z
abe31c08-7586-4cd8-a852-25654387dc32,23d454a0-5677-42bb-95b1-9f9306d9f569,755.12,2025-01-01T11:57:00Z
17e2aa97-6931-4736-aec2-e024913632d1,ef25a69e-b421-4bef-96ea-fdd6ee9d6965,782.5,2025-01-01T11:58:00Z
93dd963c-88ce-4dfa-b73a-142d12ca04b5,5e61b0cc-e4ef-473b-9a74-6b8c57120feb,522.27,2025-01-01T11:59:00Z
T120,b3656dea-4cba-4bc9-b58c-f73b8a9350ed,-48,invalid-date
7c2c2fdd-8abe-479f-811b-7253dd43f72a,9c3033c1-fa2a-473f-9684-960f3ed1eac9,912.28,2025-01-01T12:01:00Z
077ca1ff-e18f-48f9-9f38-b8b056204114,a3f3eb09-2a08-40da-b6e4-ae72579874c8,157.23,2025-01-01T12:02:00Z
2923a342-3da5-4ddc-8bc7-dd4f6f2ea735,b232de50-34df-488d-b4bc-53be3916899d,754.57,2025-01-01T12:03:00Z
d155547c-797b-40b2-b3b7-fd0402f2f528,3c2bad9b-e323-43b6-9f61-6f1b8f499ee8,794.04,2025-01-01T12:04:00Z
a70b2dc4-de3d-4aa5-af00-0d81be5f6144,invalid-user,125.51,2025-01-01T12:05:00Z
973e2f94-120d-4951-ac71-56c4f4a74e4a,19449749-2c8b-4198-9428-90bbf5ac0574,87013,2025-01-01T12:06:00Z
2b45fd04-3e75-4e18-b867-471b992a22c7,142ab741-f2fc-43fe-bb46-133ca5b28137,555.57,2025-01-01T12:07:00Z
23ab79be-9abd-4bf3-8c78-f0f116148ea8,8600a954-cc48-41c6-956a-8c780a2a5e99,268.24,2025-01-01T12:08:00Z
93bf6dbf-b9bc-4b83-a1cc-61000974b86c,a6ebc198-e47b-442e-9be8-02a850ea6bc2,820.46,2025-01-01T12:09:00Z
c38346f3-9912-4bff-8c8f-eaed8d196f1a,9ce6a3f7-182c-4d35-aed9-44728c0fb94e,769.96,2025-01-01T12:10:00Z
4405b7a7-e589-4e11-b7c0-719250b27498,2c4383b8-3caa-4bf4-9da4-76b1f234eb0e,230.29,2025-01-01T12:11:00Z
94ee7681-9007-4686-b742-91c79e33562e,aa68cb27-f20d-47d0-84da-e444734c676b,abc,2025-01-01T12:12:00Z
13e6072f-5552-433a-ac59-f2f968dd4be2,b7130942-77ac-4095-a429-455e2f836e99,698.15,2025-01-01T12:13:00Z
b6b7484a-512e-45fc-bf39-8cf97e6d3dd7,7fd6f6bb-3d6c-419d-9de2-c6f7e7817170,809.88,2025-01-01T12:14:00Z
1557af8e-bd3c-49d9-ba90-554b1a0de6c3,84cd225b-b17b-4507-8bd8-1194f99b42d6,-174,2025-01-01T12:15:00Z
5209dca5-b151-43c5-a1d8-b82d438f6829,2cb9727d-76dc-4ac3-9c68-94d1bbfd8722,971.26,2025-01-01T12:16:00Z
b002ce4c-ac76-43e9-b833-4dd18181343b,3a9bbecd-9a38-4625-8705-7789072526b2,84.86,2025-01-01T12:17:00Z
1e6edc15-cd7d-4150-aea1-caaf0aa932a7,111c98d4-9dd7-4756-af08-fe16aad07843,395.58,2025-01-01T12:18:00Z
09601934-8aa9-4275-a7d6-86e9757db1e2,71b848d4-587e-41dd-b96a-393542e6f126,893.54,2025-01-01T12:19:00Z
T140,c39a70f9-cc7e-4379-9bc1-ead3acc4f26f,602.54,2025-01-01T12:20:00Z
28ae30de-761a-46c2-a6bf-5a3191f07660,a06de030-76a2-4ace-8bb8-8dc898007a4d,748.72,2025-01-01T12:21:00Z
3630ed07-0946-4de4-a941-f033926c8a8d,aa827039-7db8-4b24-9deb-54d47ab312ac,802.19,2025-01-01T12:22:00Z
64a1e0bf-b0cb-41d0-92f5-f348255b314e,008a1d18-e7a7-46cd-8921-1e17c4ea781c,724.06,2025-01-01T12:23:00Z
d335fe5e-2d32-4a9c-94f6-ab13726ed6ed,1560abf2-e22b-4fdf-a22f-d8463dad389a,53014,2025-01-01T12:24:00Z
4418b5fe-5ef1-4bc3-9fc0-3c5777bcc375,5f6e9f37-dffe-409b-9dd5-f3531222b308,816.02,2025-01-01T12:25:00Z
22d343fb-9130-4471-bec0-bf0d33a57cf2,90a2b440-5f01-44a0-b08f-f53716c52205,944.9,2025-01-01T12:26:00Z
b3103299-493c-4158-8f8f-0c9aac6f1586,0a40a91c-0d70-4a56-bd90-46eb8dadf1c8,124.75,2025-01-01T12:27:00Z
93deaf3d-32e4-435c-a28e-00362a252927,86043875-7758-4288-aeca-44dae272a3cc,509.57,2025-01-01T12:28:00Z
909b8c69-dd24-40c5-9094-5d592d42f220,170cecf1-6bb5-48d5-8af2-acda1bdc9323,412.94,2025-01-01T12:29:00Z
f76b31dd-e299-4e8e-86e2-2e2cea6a8276,invalid-user,-66,invalid-date
1ae974e0-7056-471e-9d26-9e0bedcedbc0,803cbe5f-3c99-4dc6-ab73-f355bc89274f,118.48,2025-01-01T12:31:00Z
fba1810c-bc58-4e0d-a378-ed403a0fc45d,a0f8f582-361d-4d88-8e9b-2e62ddc1d0b9,146.36,2025-01-01T12:32:00Z
20e6fdff-fe86-4f88-8592-1e0f0734b52b,4d56313a-5c49-4c80-ba39-0039962e5553,824.08,2025-01-01T12:33:00Z
cbaf20c0-13c0-4039-9634-f109fc03652b,48719e8a-ceb5-4535-8542-b93fe176d764,abc,2025-01-01T12:34:00Z
4eac28c1-9385-45c1-8802-ffff0dba385c,8b3e8128-5421-435d-b3b2-6db2d8317941,425.33,2025-01-01T12:35:00Z
4f465024-9fdd-40f2-854a-69edb928fac0,99680892-8a9d-4eaa-bc1c-4aa33cc12216,950.26,2025-01-01T12:36:00Z
43911731-d2ef-40f2-868a-d2b1a9e8d69a,535810ba-6e7f-45a0-8da7-671d3c4f8fe0,367.19,2025-01-01T12:37:00Z
10ce5963-d1a6-443b-9b65-9354046c7d50,d0c8d43e-5dab-4362-89d4-2e87e952f838,757.81,2025-01-01T12:38:00Z
879cb66e-33c6-4101-a87f-c1c41e17e253,08ccb0cd-4af7-401b-b4b1-e2ddb419691e,909.8,2025-01-01T12:39:00Z
T160,3d04ca5a-9e2e-4976-863f-653da0dad231,932.21,2025-01-01T12:40:00Z
b44ae685-30fd-47d4-bf93-b96426b901df,4431a766-447c-4b88-9c45-5d8f30d0737b,653.71,2025-01-01T12:41:00Z
8178cd5c-dd3c-4d44-8f64-473ba674d833,7a597c06-52c6-4ae2-bba3-0a11430f998a,80433,2025-01-01T12:42:00Z
c45c19b8-4bcf-4179-b1d3-d4ec2b0e2922,a0e7d895-cea9-4992-afce-7f5d6fa62fd7,678.43,2025-01-01T12:43:00Z
65cab3c5-0372-4d08-b5aa-bf76f0a76322,07a71285-7867-4cde-9f0f-be35106fbd1a,664.09,2025-01-01T12:44:00Z
84e3a74a-4ecd-418f-95c1-0ac1020a3442,550d9e2a-8521-446f-828c-27070cc15197,-606,2025-01-01T12:45:00Z
d29edea3-3c90-4cb3-bd3a-ca4d0cb00953,b65d25c3-21ce-459b-a9cc-370865e56fc1,426.8,2025-01-01T12:46:00Z
0d997ddd-8ec4-4437-bd66-257db79ea058,2942bc73-2faa-4c56-97ff-cb11fc12df85,527.2,2025-01-01T12:47:00Z
51318b5f-5761-416f-b87b-6b7160227e9c,54276ce7-3e82-424b-b667-cbb4db90ee0c,209.79,2025-01-01T12:48:00Z
10f1d003-05ca-4ba4-a9b6-4d061d4110ad,7725cbef-3757-4808-bd36-3d70166e7eb8,524.11,2025-01-01T12:49:00Z
ef86a198-6938-46a7-a43e-31fb8a7c16b0,cef748d9-1ac7-42d9-b696-2b9f0db03bc7,235.19,2025-01-01T12:50:00Z
bbbc143d-9d7b-4b5d-8fc3-20050a5b9626,4b97211c-c772-4259-a20a-297e9f3eb530,878.37,2025-01-01T12:51:00Z
bccb744b-5672-43e8-be05-fb90c66019a9,3d772e19-a8d2-4ef7-8b5b-f660ee3ae14b,602.05,2025-01-01T12:52:00Z
65ad24c0-1199-4445-a791-8e0bbeedcfbc,953e883e-a909-4d60-91cf-d262f1cd41ea,294.99,2025-01-01T12:53:00Z
b578d98c-f225-476c-a4e4-c6f49e89e19a,c8163539-bda8-4bc2-af50-87e42f330abd,95.46,2025-01-01T12:54:00Z
20984007-5524-4d2a-893f-a0090a7815e8,invalid-user,904.56,2025-01-01T12:55:00Z
4d58f016-889a-44af-986f-bc3d8655f97e,a6fee34b-4e2d-4f85-96f8-778f66798b51,abc,2025-01-01T12:56:00Z
0901fa95-6998-48f9-abc5-8f33cd775e2f,1352379c-0ef1-4a5e-88a5-375ecff3d3e3,815.63,2025-01-01T12:57:00Z
8afb2549-800a-4095-b840-2280f0523cfb,570a918c-16a7-4b0a-bb3a-a868da77adc2,360.71,2025-01-01T12:58:00Z
a97aafca-f784-49d4-9aee-9fb64cf4a08b,3522c95a-82d9-4e02-b557-450c1a011908,169.9,2025-01-01T12:59:00Z
T180,5d75c2fa-01d7-44b0-afe5-f7c8126c8929,-158,invalid-date
51a85297-e0a1-4046-be83-0a3e87a9b2c2,94dd9e36-d485-419d-b5e7-918aa00e9e79,486.22,2025-01-01T13:01:00Z
ae4dcb38-ef95-455d-bb23-bcb221d16678,73fa0c11-e49f-4a50-a533-f025d1fe28fa,49.32,2025-01-01T13:02:00Z
c6ca62e5-c507-4de9-bafd-d4dfde8b059b,f08c4092-6416-4dfe-998b-218d46e39425,380.13,2025-01-01T13:03:00Z
ea9a447a-c465-438b-aae6-e8737204411d,7d24a20b-2b7a-425b-b78b-5440bbcec22e,880.94,2025-01-01T13:04:00Z
192470ed-43a6-41ac-a56f-ff746e80455c,72f04f17-a5f9-441b-8e2f-86a03cd3c1e3,978.72,2025-01-01T13:05:00Z
5a0aacab-211f-44ce-8c66-c209d66556ae,381d7235-4c6b-4b6e-8e64-c96bddf9b74d,180.54,2025-01-01T13:06:00Z
c1a1b7b7-2429-4c2f-a0b6-5528e640baab,d5dff388-ff1d-48b5-ab20-ab9c74a69470,667.96,2025-01-01T13:07:00Z
6174d217-aaba-4418-aa12-b782ce3e53c8,c54844e0-d71a-4de7-927c-302c5f466e7a,685.83,2025-01-01T13:08:00Z
9d4ec406-6358-4bac-a321-41b164f42c07,71ed99b2-4732-4953-9d66-d7df886595d3,843.29,2025-01-01T13:09:00Z
ed70694d-ab84-460d-a498-4d709589ccb6,8a6c0723-bb8e-4eda-a1f9-e42f9a44b79f,40.16,2025-01-01T13:10:00Z
b9cadba4-fa0e-445f-9cdc-63c38dadd73e,a064ffea-0202-4e59-b714-5b44bcae3e88,661.26,2025-01-01T13:11:00Z
f6cd327a-afb3-42ac-8f52-16091fd89b66,a03e30cd-dda1-4c10-a099-c2c97ffb628b,880.98,2025-01-01T13:12:00Z
6094bb89-f864-4868-8d44-55c56eee0c6a,e8ad2650-3d6f-4455-846f-f6b8d3fff59f,552.91,2025-01-01T13:13:00Z
b6e23132-9306-48b8-8a81-bea7d9a03cb3,66175acb-2a89-4a16-8dd0-003617dfc1f9,380.88,2025-01-01T13:14:00Z
fb2d9d32-749f-498f-ab8a-75a312600915,a5582512-cd2e-4edb-a3dc-b46cd9223d14,-369,2025-01-01T13:15:00Z
65d8ddb5-fdc7-4945-8269-34bc9fa3b20a,60961dba-4b1f-456e-a552-3c9d2c3483fe,825.15,2025-01-01T13:16:00Z
7223f93f-90f7-46f0-b683-74a5a7fe927e,396de08e-6b47-4080-88d6-857f202249a4,755.33,2025-01-01T13:17:00Z
12028792-8b77-4759-ab90-845a17ee9d74,c0eec966-d1f3-470c-afbe-44975e9d0312,69042,2025-01-01T13:18:00Z
7ec07117-29ee-4553-8014-55dd97a68ba3,b9d63211-e4f7-4da7-8b50-e51c9b1ae4e8,867.85,2025-01-01T13:19:00Z
T200,invalid-user,55.79,2025-01-01T13:20:00Z
7fc5b224-83e1-4784-b81a-fac7140cdfbb,5fccb189-51bc-4f09-a81b-f00a2e091ada,94.81,2025-01-01T13:21:00Z
e685d156-fc11-4236-a188-0a9780af9f23,6e74bffb-c1c3-4ab4-a1e9-ebdce4444acd,775.5,2025-01-01T13:22:00Z
28365708-2127-4a06-b254-f2c044a84f41,ec7ad6a0-5792-4841-8129-bb021219ffb1,483.11,2025-01-01T13:23:00Z
4a667c39-2f6e-42d4-9b05-d487e7690dd1,deca38f1-37b2-4b48-abf5-213fd29fc944,226.73,2025-01-01T13:24:00Z
7ef38445-bd7b-4d0b-93f7-4ec0cd8dddc4,56836c60-edf8-44aa-9100-bc5bfc0298e6,546.82,2025-01-01T13:25:00Z
a213f2e0-0525-4340-b12d-daf89e6d1418,2b09772b-36c3-4ddb-8240-cac838aae127,785.6,2025-01-01T13:26:00Z
5a681538-962c-40e9-aee9-27be46ec6f86,25ed3d55-f066-4632-bd59-936b831c2307,296.35,2025-01-01T13:27:00Z
1dc583a3-5d18-4023-b987-0e4d3ddfa4ff,0a94ab1e-e231-44fd-a8f9-16145553c4e7,400.85,2025-01-01T13:28:00Z
993972cf-a055-47e1-849b-e7b53b5d3b61,41b7f31f-618d-4fd3-b13d-21b0b2c6505a,696.62,2025-01-01T13:29:00Z
54b343cb-4bf6-4fba-9cad-4e2ae73e371a,b73d9363-e462-4407-bcfb-6d6137f2c52f,-935,invalid-date
e1b4ec55-6b49-48c0-a95d-e221a05aca66,05d5756c-01cb-4b77-a91a-1b25fb42e26a,199.32,2025-01-01T13:31:00Z
405c0d29-1e54-4afb-b442-649b5ee2e470,5c511f33-b918-4044-93fe-e137f45647a1,694.89,2025-01-01T13:32:00Z
4ac77f59-bcbd-47b9-ab57-2ccacb414ec3,90baa7bd-67b9-4e89-9a81-4a6f99ca5c1d,185.68,2025-01-01T13:33:00Z
aac2c39d-6d86-40a3-9616-c7480ade5b26,7f259b29-7986-4828-9149-56cc07a2f061,676.29,2025-01-01T13:34:00Z
a15e1592-06a2-40fe-b995-5239b3703c90,f1b2d974-f1fa-471b-bb18-e4d5763ffead,557.37,2025-01-01T13:35:00Z
80a8427c-2f52-4029-a9f8-67471a93a3dc,d45658c1-d566-40b8-b181-0f011d19d16a,88372,2025-01-01T13:36:00Z
cfc8102a-70f0-4fa8-aed0-3b8c8e3e7c9b,6c883b60-2eba-4848-8756-6889a7fca13b,720.86,2025-01-01T13:37:00Z
e42135c0-ab3b-4a42-84f6-abf34b6e0780,b330c3da-d1ae-484f-bfbd-78f4e862f005,176.3,2025-01-01T13:38:00Z
abe647ef-10f5-43d6-b4b6-cc252f101c95,df6d9e32-ff61-486c-9aca-8c8663a33bb0,419.66,2025-01-01T13:39:00Z
T220,cd7bfd0d-9e00-4d7a-9fa8-4b98fb71a4cd,abc,2025-01-01T13:40:00Z
c416c74e-65bc-4d40-bbe2-9e3c32e3e2b7,019df81c-c593-434f-8cb0-99fb5ca0a66b,73.55,2025-01-01T13:41:00Z
1aec624b-357b-442c-82d6-954d31446b00,38d018e3-cc2e-49eb-b14e-72525b8be323,903.92,2025-01-01T13:42:00Z
ef73442d-7fa0-4ff4-b855-d7d83b554001,841f132a-a723-4de0-80e5-2bc9f1add04f,883.95,2025-01-01T13:43:00Z
09941751-c650-43f0-87bc-097fa97d3b43,850962eb-9c22-4620-bfdd-c272588164d2,264.81,2025-01-01T13:44:00Z
d50ad451-3064-47f9-ad16-1f0028e7c62a,invalid-user,-58,2025-01-01T13:45:00Z
82d0d0c4-0e31-4e59-b5e7-353ff992f45c,a1670fac-7509-42c1-8d05-a755d09aa06b,745.1,2025-01-01T13:46:00Z
09600859-3173-4877-9b8a-e0dc462c16b4,0d69f2a7-44c3-4e87-bc3a-6d43fc17e08b,499.57,2025-01-01T13:47:00Z
d7de748e-c9c4-47c1-a681-2fa4019cc4ab,c9de3cb7-041c-4771-9772-81a86fc3b9b5,440.8,2025-01-01T13:48:00Z
3101bdf7-9fe0-49dc-b31f-f68c4c47963a,19a70487-5418-4aff-8a50-727da8f7142a,26.69,2025-01-01T13:49:00Z
5f5b9b31-a402-49fe-82e4-55473fbfb19a,f80cfa11-d011-4b2c-b920-f3c0d476d032,52.43,2025-01-01T13:50:00Z
19c632e6-ba7f-466b-9192-81b2251fc68e,316a0f6e-4e5c-4e0d-9c4e-a596995d7af3,861.61,2025-01-01T13:51:00Z
97f6d304-d135-421d-922b-a2dedcc92b98,649f8e30-623a-4311-8756-ffe199cfda6c,728.6,2025-01-01T13:52:00Z
c5c54b66-56db-4e9d-9de3-630b5af0c2c7,b44039f7-10b4-4507-a0ea-65707d9333ae,324.49,2025-01-01T13:53:00Z
e74a55fa-ea74-46af-9ac3-d775f6a2b81e,87a4e975-bf38-49da-8464-1c4eb0d056c6,65278,2025-01-01T13:54:00Z
07e9ca47-0e55-47a9-8c37-10290f3c7acf,ef2e7f0b-5f57-458d-9723-a202fc3fa7c1,68.08,2025-01-01T13:55:00Z
ebd1b65b-e786-4bef-a2c2-c9fa4b4a8337,cdf1cff7-dad2-473d-86f2-59a6e300cee9,303.45,2025-01-01T13:56:00Z
2814e5ad-da3a-48e0-9596-142dc2a5939d,f0789f42-1996-48d5-a465-325754686577,547.86,2025-01-01T13:57:00Z
676ab6ea-77a8-4d7f-b36f-66217cf07fd0,e6718b77-13c7-4a62-bf1f-d4d24b86d793,638.89,2025-01-01T13:58:00Z
e8ff453e-340c-4c28-8b01-9804a2242ed5,c170987c-d5da-4611-9b71-fd7f49a88d03,969.95,2025-01-01T13:59:00Z
T240,1f291a7d-64ea-49d8-b5e6-112b637b6704,-966,invalid-date
2b40222a-d61a-4870-9dcc-713e04726e1a,693a4bab-4d32-4979-a56a-d5e825c868bc,681.41,2025-01-01T14:01:00Z
561e2f86-961c-422b-9de0-84cb0ce38172,921c38d0-5fb4-4839-95dd-ab2960c66ee5,abc,2025-01-01T14:02:00Z
b32a6360-e4cd-4c35-bdaa-7b68f94b0943,bf5a4afa-1848-457e-b957-24f9ec76f41e,572.66,2025-01-01T14:03:00Z
09d213c1-ca83-46f4-8fad-3f721919f982,143cd400-1fb9-4ae5-b62a-f40c1a219369,447.62,2025-01-01T14:04:00Z
cc3602b2-509a-430f-a761-294de3b8ea61,37ccd341-76bb-49b5-805b-bb8654db1443,195.61,2025-01-01T14:05:00Z
e3a6fb65-4ca3-4f3a-9b2c-0e386ab8e2c7,82b0b95f-daac-4138-9131-40ce5cac2d69,400.97,2025-01-01T14:06:00Z
0c91dfb2-650e-4ac3-90e3-07f2de8b5c2b,ee63abec-5dd2-4998-b8bc-367edc756dc5,750.54,2025-01-01T14:07:00Z
a9b451ea-ef29-4dd8-840b-dfc3ebfe0d4b,bfc1bbd7-9ef8-4cda-9aff-8a8488219d68,563.5,2025-01-01T14:08:00Z
c8840678-d73f-47e9-8e09-9c8725438230,776d080e-69de-4b52-8b55-63d02cd6a825,642.09,2025-01-01T14:09:00Z
5b28221b-f884-4e1d-8068-5db0af4dcb81,invalid-user,936.86,2025-01-01T14:10:00Z
0473e4a1-2c94-4170-89f0-8c448937a49a,72570e83-85f8-435d-9986-d0754ed6e64a,455.29,2025-01-01T14:11:00Z
48dcf29a-2105-400a-9319-ebc21e4acfbf,26f4f26d-e4f5-4289-a8f5-c477a4cc924f,60619,2025-01-01T14:12:00Z
34efd15e-a246-4b7a-ac3b-305834a3cd99,f06c3117-c56f-4a0f-a1c8-797071714680,884.82,2025-01-01T14:13:00Z
c2bbd5e3-7ff6-42e4-8cc3-84f96ab5b039,39c08154-030f-4da4-98f9-3c394de968de,650.44,2025-01-01T14:14:00Z
4c49b43c-2d0a-44ed-a29e-04462fa67a05,59ba0c8d-daed-4e5e-b209-3f5657980bd0,-77,2025-01-01T14:15:00Z
a78ebf84-6929-4e8f-95fd-ce7afb79c92a,387a43cc-dc66-4ab9-910d-0fda2b499f4d,997.42,2025-01-01T14:16:00Z
2081b002-e16f-40aa-8512-c8a0cd666aa5,71aca68e-08ad-4168-92dd-9cc69f2f2566,214.41,2025-01-01T14:17:00Z
6356ad20-7c71-46cd-a2d5-608119431cc5,50930005-2abc-4147-ad1f-7c96fc95c898,290.37,2025-01-01T14:18:00Z
85c297c1-7b51-439c-8bdc-04aeb3f6b7b7,9b35f446-97e6-477f-b1b8-cbd00b40c956,321.89,2025-01-01T14:19:00Z
T260,3785c114-abd5-48cb-86f3-c22a9f84b9b2,798.05,2025-01-01T14:20:00Z
e5412737-dab7-4522-9bed-e0b7731cae85,d32e0c42-0ea9-4146-ade7-7f3b0abf9aa4,622.58,2025-01-01T14:21:00Z
985dd437-875e-49f3-8e90-1e4a2dcbda7e,fc1f9f1f-506a-457e-a2cd-3de835671be5,462.46,2025-01-01T14:22:00Z
3b6d0926-4d2a-4361-9e19-036eb2db7cbb,f5e58c66-db0e-490a-9b07-c7fac25daa1b,968.18,2025-01-01T14:23:00Z
c79f5963-a8db-42a9-b647-50cd1317fdeb,604f8acf-c0a9-4081-a7e2-4e0fc5ec7383,abc,2025-01-01T14:24:00Z
999e81a8-14ae-474b-bb7a-62f014af2bf1,08402247-2f91-47f4-940a-a76842af5cea,833.8,2025-01-01T14:25:00Z
f0b30cca-e384-4212-899f-d102446f533f,1b0174ae-4359-4a2f-ad8f-c57a7def502c,514.08,2025-01-01T14:26:00Z
6e6ca34d-aa14-46c3-b498-01a419e02215,8932d0c3-6b14-4547-8598-2a06141e1ab4,689.74,2025-01-01T14:27:00Z
0cc8435a-e9cf-4f2b-9294-18affda7739d,c7b64ff1-7634-4cdf-86ce-2816414c63cf,374.11,2025-01-01T14:28:00Z
b1f491ef-406d-46a8-83e7-1522a6ae555a,656a6990-96f9-43ac-b71a-cb45d16f49d4,661.52,2025-01-01T14:29:00Z
a648fe99-b2cb-4176-a5b4-820971098ff7,7b4513dc-f2da-42ed-85fc-19a4232cd0ce,-376,invalid-date
fa9436dc-5d63-4c95-a027-d90e66240aa3,25e2a6b6-3376-4698-a1f3-fb9eaac3c223,22.16,2025-01-01T14:31:00Z
dbaa8de3-66a0-4d2a-9a66-fe730a7307d9,03c87399-b53e-46e8-a9b3-9f79eea4f86e,350.26,2025-01-01T14:32:00Z
ed596581-ce0c-49fc-9f7a-f67b8591eb3e,a5090870-4942-455b-aee9-77712db21491,420.89,2025-01-01T14:33:00Z
8be5197e-ab23-48b7-b1e8-3f73231f5c30,d43fd19c-f194-4c89-80f1-c6b5a2d3cf57,615.08,2025-01-01T14:34:00Z
defbbf7f-058a-4226-9f98-cdcc318ac71b,invalid-user,820.8,2025-01-01T14:35:00Z
bfa790c6-452d-4d86-beeb-6ee01da29856,c1f088ad-e6da-45d0-963e-4715ebc5b74a,963.0,2025-01-01T14:36:00Z
41951ff3-2302-46fd-89eb-b946f48b042c,4b4583f7-bc0d-47dc-ac09-9b74554d1580,903.18,2025-01-01T14:37:00Z
912d2517-b54d-412f-b353-c84be96d21b0,8e3ad6a0-4b50-46f9-83f8-b1801da64ff6,941.28,2025-01-01T14:38:00Z
49549aaf-9f34-46bf-bc85-326865314340,1949d80b-9cce-4acb-8a64-66774ea9e6fa,662.69,2025-01-01T14:39:00Z
T280,9ed7e836-5902-43f1-a9f3-1e10e8b5a391,43.43,2025-01-01T14:40:00Z
56b57733-189c-426e-9f6a-1e7053503f31,e2027a1d-1a66-48d4-a2c5-0735e9bb029f,540.83,2025-01-01T14:41:00Z
3b784270-74e0-43db-9452-4c9b71f4bf53,7c571993-0df6-4536-b51a-38255684671d,165.1,2025-01-01T14:42:00Z
a194a185-1857-4a72-a083-d4213c0dfae5,b38efd29-f448-486b-bef8-9bb19247472a,89.42,2025-01-01T14:43:00Z
79ceccff-2bc3-4dbe-b571-ffc43ca86545,a32f5c3f-d278-435e-84dc-f0e8e055b789,942.9,2025-01-01T14:44:00Z
0ba38e40-5fd5-4d75-9e33-e54d7c06c477,503f843c-2b19-4471-b37f-fba80fd9b08c,-121,2025-01-01T14:45:00Z
d7682b74-5c91-4899-b4c9-fe65497f4763,d9847e65-cacf-4a77-a15a-cd81b19bd3b3,abc,2025-01-01T14:46:00Z
b65cfd0d-f947-4114-a8a5-6703c0cf66b5,5bff9c22-0464-4b7c-b5c6-17c3fb13bd0a,972.45,2025-01-01T14:47:00Z
24f731d8-5dc9-47bb-88ef-e5f05b972f22,02b4ee4f-7a05-440b-81ec-dff5e8a3fe90,92319,2025-01-01T14:48:00Z
a0c0bb34-e39e-452a-a000-173fd6e444a8,ed90a23e-d5c1-4ff6-8be4-386a6b031a64,221.71,2025-01-01T14:49:00Z
4c9ee484-0384-4785-b084-678bcc377d9c,4f56c0f9-b209-4233-806b-cd384bfd17c2,860.4,2025-01-01T14:50:00Z
0432a01d-cd6a-4efe-90a1-e9673af5315f,10bcc3d7-e70a-4c9f-a4c6-ea9b816380c8,543.07,2025-01-01T14:51:00Z
fbc54326-daf7-4802-b931-8dac9582bce7,696ac29e-8383-4740-9896-c60f80244241,325.01,2025-01-01T14:52:00Z
d73978fd-d882-4736-a383-fa623778b918,76b9ec1b-404a-4827-9ffb-e98f167bb7a4,538.83,2025-01-01T14:53:00Z
ce391c6c-0527-42ae-b224-d92d70cece69,572e7877-23f5-4159-a1dc-641126191955,519.45,2025-01-01T14:54:00Z
5809e2a3-6354-4383-98f8-9b09a8a1f34d,9849b769-070a-44e8-ac56-a365c5997bdf,269.07,2025-01-01T14:55:00Z
af49869c-4da2-4f36-9972-e092677a560d,dc08ae7f-2a42-4dcd-afdc-9ff551016e78,395.8,2025-01-01T14:56:00Z
0283cb09-66d5-40f2-8673-e2501b0d88bc,1e430611-48ca-4993-94f5-9c922fea96d1,149.33,2025-01-01T14:57:00Z
947c9815-410b-4121-8fb6-66169a31cbd2,fd821b6b-eb2c-4210-8357-1c09aa47a31b,541.2,2025-01-01T14:58:00Z
36e77842-3a3a-4fe7-90b8-bbf329cc16a9,a8bf2d3d-c65c-47e5-b11e-f44910cdfaeb,702.18,2025-01-01T14:59:00Z
T300,invalid-user,-581,invalid-date
b9193712-bade-47aa-b173-174769fa69d9,8b57043d-5d96-439a-99bc-ff5c2f8f149b,782.41,2025-01-01T15:01:00Z
ba62b68b-24a8-47c0-80d9-ad1139f49f99,34343081-f55b-4b0e-8421-ddc8b418d9c3,345.94,2025-01-01T15:02:00Z
aa268ee3-d11c-46c8-8e52-0dfeb964afb7,524ad86f-1aed-4c35-b148-f2e1d95ff4e5,493.8,2025-01-01T15:03:00Z
c8738b04-dd58-4683-8c3d-ef10f7ac7c86,51e5f3ec-9185-41ef-aa1a-508c6538bd77,248.93,2025-01-01T15:04:00Z
561c7826-49fd-47b7-aebc-db751311ef68,92325da4-4860-42da-b402-9694ef5f2668,701.58,2025-01-01T15:05:00Z
3e5114b7-e429-43da-b230-0631263bc114,e5eaef0b-a3cf-496a-a605-2a9ed8fb2eaa,72759,2025-01-01T15:06:00Z
22cb419f-e6b5-461f-a315-4bc7c600f2ab,a5e260e5-f488-48cd-b36e-0d56e25a7185,364.33,2025-01-01T15:07:00Z
dcfe6845-25ed-41f5-a640-fff754a120b6,2c3a6add-a2da-493b-bf61-529b6fbcde34,abc,2025-01-01T15:08:00Z
2a58933c-62d8-4ec2-b4e1-f112ffe02cfc,3cd695f7-11dd-441b-b661-5b4614e798ac,207.12,2025-01-01T15:09:00Z
3ba73230-2123-475c-8ef6-4760e4a007f8,e10b7226-ed53-4d71-8a2d-5c0854831385,404.7,2025-01-01T15:10:00Z
e77c566f-5624-4a4c-bdaa-1477ec6fa78e,7e5fe2f9-ccf3-426d-a97e-63d70dee4874,588.01,2025-01-01T15:11:00Z
e36c2dd4-cc63-4164-a642-e836c20d9282,cd5a831e-9b69-41d0-9201-288e39aed6c9,510.15,2025-01-01T15:12:00Z
fa2c71e9-ec5f-4cce-8c58-a1e3af8701a0,da02ba0f-29cb-4b54-a87d-45bd477b4ea6,101.5,2025-01-01T15:13:00Z
1ffb77d6-6ddd-406c-8d15-0c50f6054f5f,b1db42ef-e082-483e-b3b3-980f0f35fe52,276.5,2025-01-01T15:14:00Z
ca145702-8a58-472a-b3e7-28f9e8e14406,9c361c28-cdb8-445e-a9d4-c9c0d90ef3fc,-929,2025-01-01T15:15:00Z
8c51ae84-e5a9-4c23-b087-0394d55f49e3,606d2a72-c61e-419b-87a0-d84b65f2c95e,477.08,2025-01-01T15:16:00Z
9ede0c50-e870-4eeb-b458-e3d289d3be0a,cd3f107c-b32d-4ccf-9ca9-e9402bcbab20,763.11,2025-01-01T15:17:00Z
1ecb77a3-22f6-4ea4-a524-76b7b75ea088,fc0b6297-ce2b-478c-972d-dcf851b8e582,489.0,2025-01-01T15:18:00Z
fe2e9321-1a0a-4572-b540-dab9b460f5b1,7c7481a2-e927-4f21-9b36-73e87cf9c351,603.49,2025-01-01T15:19:00Z
T320,97924e6c-98cd-4779-8b4b-e0a8ce6ba6a1,543.5,2025-01-01T15:20:00Z
dd7521a4-d52e-4716-90c3-f8ecc629b19e,77583d42-270d-4354-906d-317ee8e53f6b,977.01,2025-01-01T15:21:00Z
10758923-ace9-48c0-8fdd-dbeea6745ccd,4f191634-d6dd-4a05-9145-5300e490d13e,871.55,2025-01-01T15:22:00Z
7cc68ed7-459a-4d86-972c-6a534145f913,624d2058-5b50-4776-87e9-522c90a122a9,306.89,2025-01-01T15:23:00Z
e467aa31-84b2-4014-948b-ba037063513a,3e996c2b-d962-4f43-8b4f-b3476f386975,80106,2025-01-01T15:24:00Z
24a87814-0f84-47be-8ab7-b5128094e890,invalid-user,667.84,2025-01-01T15:25:00Z
e775f0b2-f720-44bf-84a6-85c8fc0abcbc,655d23ca-78a6-46d5-9e36-d01a8f57e6c6,46.47,2025-01-01T15:26:00Z
7ae4c26a-1934-47d4-83e0-d74fc7932568,5c6c2c8e-4574-436b-bfbc-777c27755d79,582.3,2025-01-01T15:27:00Z
7f271fe4-10dd-4a2b-925a-ab277efc7ec0,5ff6d30c-2c5b-4e1e-9545-3c0071035321,233.04,2025-01-01T15:28:00Z
634eccb0-4dab-40e5-a17a-8850bdeedf29,5bb23238-deae-49d9-999a-104b32bc8c5a,970.27,2025-01-01T15:29:00Z
b2985461-5bb3-4813-83a1-de5e3a060fa1,c7a6e16b-868a-471d-bfa3-1d117b7e13e8,-634,invalid-date
0ce86f03-6dfa-40ee-a6f4-8dd7cc828711,8eed3cf3-3fc5-4cd3-86de-087da6d2872d,56.51,2025-01-01T15:31:00Z
f18e760f-96bf-4843-9fb1-021e1bdffc4d,194c5d29-4e69-4c2e-a931-94a6c6d7eec3,773.81,2025-01-01T15:32:00Z
c460def7-3e5b-4283-b422-96a18a83eda0,7394d7e1-a2a6-45d5-8e5b-16726fcd4a8b,228.67,2025-01-01T15:33:00Z
f312323a-fee6-4d27-be7f-64342722efa2,f9b82080-3dc7-499c-978a-612f86c9154b,989.99,2025-01-01T15:34:00Z
bfbe4a0e-4cb6-4983-8534-2c35d818224b,8bd9ebcb-6f69-4e1b-b25f-a8fcf1ed6836,480.48,2025-01-01T15:35:00Z
3cbbd38b-6196-4659-8e03-bfb73d0c7e06,2209a2a0-3e76-481e-879f-892aae17d859,813.83,2025-01-01T15:36:00Z
198b0355-6279-416c-a769-f65e0750642a,3c35bb24-70e8-42aa-a6f5-a9d5ef2b3159,390.55,2025-01-01T15:37:00Z
a1abf7ed-f571-4f99-affb-9efb165ffff5,add5bfd7-3477-4ed1-b3a9-2c2b9b9e09e4,606.73,2025-01-01T15:38:00Z
8c725260-5d8e-4899-8cdd-ef3cbc237fa5,884cf991-361b-4fe3-9ed9-46138cc1cab7,146.95,2025-01-01T15:39:00Z
T340,cf978636-5226-423c-9c2e-511fe768d541,826.99,2025-01-01T15:40:00Z
d83ec535-7e57-4245-8b3b-287ce7d5b6ca,61ef4360-c765-4d9f-9911-85bbd4b05142,968.55,2025-01-01T15:41:00Z
c403854c-1e9d-4342-bc6e-ea4fa3a2f2f1,2420653e-7651-4ae5-a3f5-1ecfc7d852e2,78494,2025-01-01T15:42:00Z
0c9bedc5-03f4-4172-b4c7-327681563aa4,aeb30e7a-9b9c-4475-b8d2-f7025c724bde,592.52,2025-01-01T15:43:00Z
0408bbb5-a950-44ad-b9d1-4a4d0e41058d,36cf9fd6-fffa-48ad-920d-5541997d2fbb,61.95,2025-01-01T15:44:00Z
33471735-b6cb-48d5-9900-6571812983f9,0f20d3e5-f403-4d5a-9499-926a06ed2be8,-637,2025-01-01T15:45:00Z
9a78ead8-9e07-4282-8527-64461caeb568,03937fc5-9013-4acd-9de2-2191cf4d73db,796.8,2025-01-01T15:46:00Z
ca596eed-9c3d-43af-a587-edb25db3f44e,16a8a57c-9557-40b0-85cc-dde502372a9d,90.41,2025-01-01T15:47:00Z
6d9ebadb-6e2d-40eb-8d72-8f1941baaca6,f5f60b0f-5e10-4635-bf6f-2bbce28c4b14,32.94,2025-01-01T15:48:00Z
03f6a9ae-ea6e-4b0b-a384-617f5feda3b0,ad79b607-d05e-4dfc-975c-10c1c792db21,81.06,2025-01-01T15:49:00Z
29b75e92-6216-495c-9c52-cc823e336ba5,invalid-user,135.73,2025-01-01T15:50:00Z
8265339c-c3e5-4c1b-b954-bd24b47b07a6,f6da113f-2fa3-4c4a-b52a-050d56302c45,992.37,2025-01-01T15:51:00Z
7da80cac-3145-46d3-b76c-2e29584c57d4,8e7a2d08-e8f3-4d52-892f-fcf9a3132bd3,abc,2025-01-01T15:52:00Z
0f89bbcf-e70a-4fe2-93b3-6bd45e46d9b1,e6f38b1b-1777-4005-bc6b-69c3c35f1468,22.97,2025-01-01T15:53:00Z
acef5aca-4b3c-42a2-b174-323e01ef9054,3c8d36ab-3ab2-4aca-910c-46eb54e3fe20,13.98,2025-01-01T15:54:00Z
ee3e9f07-2455-4195-8e92-d41d9a93d0a9,a2173a64-dfec-42c6-839b-e132ae1e51ff,214.89,2025-01-01T15:55:00Z
7c219b0b-036a-475f-9a36-818953565c4d,952fc299-73a0-4a81-b1b2-b18bf97d5ebb,233.19,2025-01-01T15:56:00Z
b86896c4-742b-4737-a835-338f7afd47a1,e0bdc23c-2e65-4252-a2be-f78721ffcae0,763.91,2025-01-01T15:57:00Z
b3d76ff9-4b43-4389-8c47-d1c426c630cf,8db7c75d-9740-4d5b-b075-956c5adaf3b8,868.39,2025-01-01T15:58:00Z
59e4bf4a-e725-4e29-93e2-91c2920ce1da,1ab9fa62-6acb-4c71-83b1-b1bb5e49cddc,125.83,2025-01-01T15:59:00Z
T360,67a889f7-7b5d-4a52-8c0a-ee914a6ce6fd,-643,invalid-date
3b800a32-bc20-462c-9915-5de077654849,0dafff69-53bc-4f11-9fba-4ec10ab9ba71,198.83,2025-01-01T16:01:00Z
e9d59c76-a048-4cfd-b895-501547ba8d04,e38b9c36-b544-4b31-a04f-029eeefabd82,961.76,2025-01-01T16:02:00Z
31ee50ab-24ec-428f-b4f2-58b08638b19e,238270dd-190e-4e97-a9c1-07bf5cf8b44b,132.13,2025-01-01T16:03:00Z
0aac13d1-c6c8-403e-bce5-44681fd7c9de,d6a045a9-de56-40da-b410-c6824a146e70,100.2,2025-01-01T16:04:00Z
e3970dd9-f7a3-4722-80f6-ad769bf11f71,50034bc5-7fbb-4fa3-9ad2-6240769aaa7b,661.76,2025-01-01T16:05:00Z
053a9ff8-1f86-45bb-bf54-0f1b97c5f9bd,03d2591b-f732-43fa-91e7-25f1683d0a25,296.85,2025-01-01T16:06:00Z
162bf006-6318-423c-bb3c-d217253b934e,4e880666-87aa-4efc-a9d7-86b80b7152e6,975.19,2025-01-01T16:07:00Z
044b8f30-93cc-417a-a39f-372b485f12a8,9d7fc70e-a6ce-4a33-9b99-f5f13df4e8a1,277.4,2025-01-01T16:08:00Z
e213dea1-79fa-48d2-8c26-889ccd182fbb,a5e78fc0-d1c8-4ebc-a930-c88c964720b9,564.28,2025-01-01T16:09:00Z
a936bf23-604c-4551-8ec1-cd1519f9a679,a14c706e-3c12-4af2-9cc0-8eee1b57a3ff,354.57,2025-01-01T16:10:00Z
9176417d-c733-40b0-b92d-04a6665f4632,972a3bdb-fd5b-417e-a467-4a30a9975fa5,114.58,2025-01-01T16:11:00Z
525f0f5b-76d9-4864-b725-e35e7f5e923c,64b457b8-8482-4d05-91bf-b93c2dd34591,311.25,2025-01-01T16:12:00Z
31832034-c93d-4929-a3ec-c0e1a918470f,c4d27e14-2d4b-4137-98fc-93e5ac00bf9e,159.76,2025-01-01T16:13:00Z
c135111e-5788-422b-9c32-ce6f643a59a8,3d2b9cad-2e8e-4a6b-9f1f-f5572e3568d1,abc,2025-01-01T16:14:00Z
55194f18-4caa-4ad9-a92b-537a7059db37,invalid-user,-872,2025-01-01T16:15:00Z
57873778-d96c-48d0-8f46-e90cb5a6e578,889ba737-2e2a-4370-8fed-0c0c8d32bdec,228.47,2025-01-01T16:16:00Z
a047753f-3c1e-4b0a-b139-34e792df0211,3d6b64c8-68b3-47ff-8dd9-6f29ecbb6cc2,692.58,2025-01-01T16:17:00Z
542b27d2-143b-4c19-8a5a-6ce80343509e,81f5f077-b968-4f7e-9273-8b8af7113170,81660,2025-01-01T16:18:00Z
8a3d0ca8-2467-48f3-a326-9d643f388b4e,31c4e6cd-011c-445d-9414-7f1c04a582ee,961.93,2025-01-01T16:19:00Z
T380,731ba335-0ea1-40e5-890e-eed4f7f1c326,43.01,2025-01-01T16:20:00Z
648b10d0-da2a-4904-b6f5-6d4e98c9bb37,148a7c64-666c-4a39-82ad-d69e9ccf2c16,751.26,2025-01-01T16:21:00Z
648200c4-005c-4858-ad92-a38e39c383d7,3e9eeb9a-d76f-48f9-ada5-81ed076cd90a,203.25,2025-01-01T16:22:00Z
c4b52177-220c-4c16-bef3-57c8c9327665,0dda4730-a592-4aff-a9e3-9bbd5bd0d769,984.64,2025-01-01T16:23:00Z
dc1e739c-29c1-4aec-ade7-05035d653e6c,122a9d20-175d-4dc9-aaf9-9c0de30496ae,359.45,2025-01-01T16:24:00Z
582ae95a-467e-426a-9e1d-e545da8cb295,f0987292-055c-4d80-89dd-debfffc1dcd7,809.45,2025-01-01T16:25:00Z
2d24f606-edad-4aff-a6ea-3ce610f9aae3,853ed1e1-91ed-429f-b39d-c998d2c7bd37,170.56,2025-01-01T16:26:00Z
abee262e-417f-40ab-80c5-f911c9ecf03b,33d5fcc1-377b-4bc4-aad2-5faa532ae575,988.92,2025-01-01T16:27:00Z
6715f67e-cc81-4998-8f39-b6ea23ac9802,af6f59d6-a554-4e1e-ab2b-2d05ed04f198,310.62,2025-01-01T16:28:00Z
68d57999-e621-420a-a526-4c46b80ceb0a,cfb8c398-025e-424d-b605-68979bed50e4,126.97,2025-01-01T16:29:00Z
303866d5-b209-4d27-b2bc-994d4cefa153,48fecbeb-940a-4df6-8012-27f7ef464645,-529,invalid-date
cadae6f4-1dfc-46f1-b538-4abe79f6703c,b67199dc-0710-48b5-acdb-f6f739bbf34c,906.18,2025-01-01T16:31:00Z
a3e31343-3c78-48a2-ad81-87872870e4fc,abc7791b-1cef-4b21-a2dc-f50d0cd8ba70,659.78,2025-01-01T16:32:00Z
87a2777c-3695-4e59-8427-a7c31b474dd6,e014d0b2-5bde-40db-9330-99750a96706c,840.75,2025-01-01T16:33:00Z
d82ac4e2-91b2-4ccf-bdb2-36afd06591f8,c180e465-070a-45de-ad57-57ccda6532be,117.2,2025-01-01T16:34:00Z
70bed0d6-9dde-4cfc-8654-41389ee4edb3,1910c546-e057-4413-9550-0f119400de71,198.74,2025-01-01T16:35:00Z
38adb037-f81b-4169-b114-b7ee32fc8912,a4f83c6a-9456-4a3f-8e48-ad61f11fe4aa,51459,2025-01-01T16:36:00Z
d589466b-5a0b-4fd9-9fec-d65c03a993a1,4dec1508-097c-4572-b1c8-8cc6e07393ed,816.68,2025-01-01T16:37:00Z
1665d2e3-a728-4bd1-8912-9619cd975270,0c0fcb61-acc6-4728-8103-da04b0d19429,510.0,2025-01-01T16:38:00Z
b84e5c78-ba96-4f6e-91d1-e1c4c8af3121,dc01d06c-8bfa-4618-90cc-afbc15663438,866.2,2025-01-01T16:39:00Z
T400,invalid-user,848.57,2025-01-01T16:40:00Z
251b06b9-34c3-4ab9-acb0-43ab7f71f96a,bfd64ed6-d2b4-42de-a62b-45809a66f435,293.96,2025-01-01T16:41:00Z
98203651-ef6a-40d0-bd2c-5c8b3194a819,b978d689-87c9-4d69-9fb0-97656888e8c5,109.69,2025-01-01T16:42:00Z
5774cd43-6c16-439e-99fa-7b946821d28e,212c24a9-cdb6-4821-91af-c7423f45ace9,630.42,2025-01-01T16:43:00Z
6037f86e-cb10-4ccc-9289-fc1ff92b4968,239c6a13-f328-439a-9953-5e929c18b013,668.36,2025-01-01T16:44:00Z
345ea67e-9e90-4605-861a-435e265236b5,53785c3f-8258-46cb-ab35-979362c8d705,-177,2025-01-01T16:45:00Z
61867bc1-9926-4bed-a859-a0f1902a68d1,cd3bb00d-6b9c-418c-b4a1-d39f7565f875,454.56,2025-01-01T16:46:00Z
e42d862e-a3e4-4600-bae2-36a6f57453dd,63352690-9d38-4ade-8443-ddea6fee4dc8,178.53,2025-01-01T16:47:00Z
772d1faf-453d-487e-b67e-c3f4f9509217,e8027a7a-a390-483d-8d49-61aecb82ee8c,319.48,2025-01-01T16:48:00Z
792d3b38-e3e0-4195-98b0-3d9701d4fa3b,8c75f5e0-f2ca-4cdd-baa0-d6672e5f42c5,195.38,2025-01-01T16:49:00Z
b96de1b9-33fe-466f-a8e6-80cc5363df59,125ce21d-015d-4dd6-a2d8-0bbb375f60fd,659.1,2025-01-01T16:50:00Z
f7025a51-c202-4677-a53a-40bb9883beee,79ba74ec-fd5b-43aa-b02f-8abba4f5f9be,887.72,2025-01-01T16:51:00Z
91206d7e-202c-4cfa-afe1-4fd3ae874a28,6c8eca2b-1415-4bc7-a79a-8dd131b05d92,837.78,2025-01-01T16:52:00Z
828e4bd9-ff11-4ea0-b419-256fdd3e7475,e1e873a1-1200-49a8-b4c4-73460e0a5408,536.82,2025-01-01T16:53:00Z
b8bed880-01f1-4f88-9818-6341b4539657,457d87f8-9c07-42b1-beeb-6579ef8e7e2e,86869,2025-01-01T16:54:00Z
6869b209-cd94-451c-8109-3e9898a4605a,a7d3c8dc-d144-44df-be42-152a901c3379,915.17,2025-01-01T16:55:00Z
cfaca51b-96d5-48d0-88ce-0816569ff431,61d2c157-8694-45a6-9e35-35b0c93ec275,321.39,2025-01-01T16:56:00Z
1e9e3f8b-c0b9-4739-86e3-cff462df2441,8dc61b9d-e908-4b82-87f1-ec47ebde1a0e,187.56,2025-01-01T16:57:00Z
eeae43af-2d89-48f6-93c2-02f60fe615d2,16d07f51-1b88-4a15-a26f-05ec0fe21906,abc,2025-01-01T16:58:00Z
46c08c87-554c-49da-a3bb-9f77a2041517,9fe152a8-ca83-47e8-b4d8-5275e8a95da5,360.28,2025-01-01T16:59:00Z
T420,2561865f-88dc-4ef2-9a49-d3c623ead50d,-211,invalid-date
b257ddc0-8d97-478f-88e1-850e47478220,8126d42f-db67-4f07-95b8-904cf1dfead9,681.34,2025-01-01T17:01:00Z
b3316042-b302-4090-a9db-456beb438c85,ca510667-9f78-435b-a9c4-de82643d550d,601.78,2025-01-01T17:02:00Z
35391879-c7a6-466a-b604-9b3d76a66baa,e695bc40-812b-4001-a495-30282d7d205b,304.03,2025-01-01T17:03:00Z
9fdffb5d-ebc4-419b-baf9-95a7ccb7e694,3748d465-015b-4cdb-8610-7b719a8ded88,34.54,2025-01-01T17:04:00Z
53d97c9e-43b3-4643-aeb4-134a1de86cec,invalid-user,355.72,2025-01-01T17:05:00Z
235a8014-d9a7-4272-8938-1ea8ad628e3c,6ce95223-6fe9-4b38-b34b-bda6f1cb1e1e,237.45,2025-01-01T17:06:00Z
c5bfbf65-5ebb-4d95-ac77-e2808f79291c,97c5a838-cf38-4dde-9e79-7fbd3d53af1c,59.64,2025-01-01T17:07:00Z
e87c1670-1f87-4b3b-93eb-5d240e732251,96bfbfd1-238f-42f8-835a-6733a891c6cf,103.17,2025-01-01T17:08:00Z
19366592-e7a0-4b55-9bd3-833a43cb962b,41014cbb-9edb-4278-97b7-96b3dba751f0,769.91,2025-01-01T17:09:00Z
f9a72496-2d11-4a44-8813-5cec8c6b17c9,e32bda58-469b-453a-8665-3ea359ce6755,947.62,2025-01-01T17:10:00Z
be254034-d550-47c0-b23c-744ed8c73eb9,7b5ff2df-fae8-43c2-983d-d8ab8834c715,981.39,2025-01-01T17:11:00Z
286a4007-3025-4e7a-9a95-99fa09f6d755,58cf86b5-e72b-47fb-831e-ab5110de4f0f,51842,2025-01-01T17:12:00Z
801cdfcb-acba-4e90-8f22-589d66e13d01,d2eb831d-8b6f-4451-a1b4-f858f244718a,391.97,2025-01-01T17:13:00Z
9d36630e-e8aa-4017-93af-0fc87745ac97,bd74fda5-7064-44b6-b547-ca87627442e6,289.12,2025-01-01T17:14:00Z
671c6bb0-9e1e-4c43-83d7-a5d6e2cde1b8,823ce021-2867-4693-8112-30f7d11b39d9,-891,2025-01-01T17:15:00Z
cc8c0362-2b8f-40db-bc4a-f0a428bf21ee,217f915e-02a7-4c21-8eea-da40c260c11d,60.24,2025-01-01T17:16:00Z
b5c83146-42ec-41bd-9bde-30e58dcccbe9,53648047-045d-4524-8c00-2a961a7b0549,268.79,2025-01-01T17:17:00Z
72479849-9e23-4946-804b-f5c4cf5fe0cb,5dcb8842-e98d-48f2-9aad-da0861237e95,812.87,2025-01-01T17:18:00Z
9b9cf810-1eb1-4f3a-8e3b-cac03120cc03,3cf6e687-3aaa-42a5-a80b-ae37b583d724,28.83,2025-01-01T17:19:00Z
T440,e6d92c95-f2c5-4418-a26c-54381182acfe,abc,2025-01-01T17:20:00Z
3ba49068-38e0-41ea-9c7a-432b9669db43,86a11381-24aa-457b-8864-a9b16e69f45c,94.06,2025-01-01T17:21:00Z
51166300-2b08-4e8f-841d-590a5268ab91,a8875bcd-22cd-4015-9d12-d3a3e8cd7431,874.86,2025-01-01T17:22:00Z
b41f8306-93af-46ce-b20d-3c5b1009355f,b91af822-5c85-4362-9407-ad642962e14c,317.85,2025-01-01T17:23:00Z
b2d7de9f-cdf5-4ff2-9c04-eacc239f4f42,d5ee48fb-6b9e-4794-95f7-bf94358e5de5,373.43,2025-01-01T17:24:00Z
9e5e9b12-9eed-4146-aeba-9c853b1f8883,627d27ec-7bf3-4ab9-b577-37208c0d8beb,840.34,2025-01-01T17:25:00Z
b8c22c1c-6d92-470c-9025-d50a2806774c,bfee350c-65ea-4143-84ff-f64ad0e68d92,206.15,2025-01-01T17:26:00Z
db934401-af67-45bb-b3b5-6601649f4438,138448d9-a870-4aa1-bc4f-b400c3941761,761.79,2025-01-01T17:27:00Z
bd0e3a9f-5f25-4db9-9db1-357d8ca8af93,4f09fd4e-182a-4ce0-a195-119f64ccfea1,13.86,2025-01-01T17:28:00Z
8152a47c-d8cc-4a5f-b994-caa6abd98dc0,72322b0d-fe64-4500-941a-efc3ea10c568,376.39,2025-01-01T17:29:00Z
32c44953-806f-4faa-b6c7-7fbbc667a444,invalid-user,-672,invalid-date
58c72d92-059a-44e6-b4a3-3f6760effdce,ba049dc3-231d-4c66-a727-d2b874671f1c,244.25,2025-01-01T17:31:00Z
0a9c6138-7d99-48c5-961a-8a258bfa94de,07fd3141-f280-49f5-b5e4-a1b19c703191,956.56,2025-01-01T17:32:00Z
7980f1b7-41b0-4bff-a0a4-5e9ae85f6e11,c92416af-aef4-48c4-9e83-9ac3a39519b2,944.77,2025-01-01T17:33:00Z
43264e6d-9aac-4198-9546-05953155a3c3,d47b803d-3439-4b59-aad5-6ac599ae346c,425.79,2025-01-01T17:34:00Z
9a2ec6ab-8fcb-46ef-b0a8-17639aca5fff,cedd47bf-f88b-4521-8b1e-eb6446c8a35b,760.74,2025-01-01T17:35:00Z
a544388f-5644-4599-9f08-6279a4c4640f,247b6314-a3ec-4a87-b86d-ecf668d25f92,183.57,2025-01-01T17:36:00Z
f9c4aa29-4575-4676-963c-bced2d4419dd,95411dfd-1e20-40cf-a205-12fcc80a3ec8,704.77,2025-01-01T17:37:00Z
3e1d13c7-3f3e-4238-b2d2-71dfa98165ec,e340e310-c962-48d1-a1fa-f031679d8d24,249.98,2025-01-01T17:38:00Z
e6f49014-d568-4e46-87bb-e8433fc7bb45,21c9f4b3-1b88-4a42-9226-636ef419f402,290.18,2025-01-01T17:39:00Z
T460,2080be36-7088-4814-8d42-c4d30c8f748c,950.02,2025-01-01T17:40:00Z
52b720ab-b403-4dcb-bb5c-0ae8ae2f17db,f2b14b3c-3fa8-4a48-8ba7-99156e649582,777.66,2025-01-01T17:41:00Z
d7263909-0d01-4ff3-a022-84c89de70ad6,503183d2-961e-4d59-a57d-5e67a6cf8d20,abc,2025-01-01T17:42:00Z
176b8241-e3fb-4e24-acd6-4d556b150c85,32fc2143-b568-42b4-b091-ea5cd07cb5cf,202.48,2025-01-01T17:43:00Z
2998bb84-cd97-4097-b820-5394bc3bee59,e725e13c-5ab2-43e0-af51-f77532de5c36,427.31,2025-01-01T17:44:00Z
dc3697eb-91cd-4e2b-b218-1952afadecfb,09cb6f91-a8ba-4946-ba1c-0ec65b9adf30,-106,2025-01-01T17:45:00Z
ebea1173-5dd1-4e7e-acae-47349c13c90e,333e8a19-cbdf-48cb-a3dd-4ecf8d46b1c8,917.0,2025-01-01T17:46:00Z
3a9febde-a7aa-4834-92e6-eb71a08d7e5f,0bc2cbad-174e-4780-a583-469b93ae7851,538.54,2025-01-01T17:47:00Z
4afc01a1-cce9-41c9-9192-b4bdf8b6d2f7,531cd664-5217-4be7-baf8-3d503c7569cc,63283,2025-01-01T17:48:00Z
576bb5f1-1df4-4af7-9f65-bc69c57383f8,79d9e9d3-db08-46b1-9b3c-10595769abbe,203.71,2025-01-01T17:49:00Z
542f1db4-bc6d-4e4e-bc9c-c0f5464915ae,261dddd9-18fb-4898-8b2a-2c5e7b73c602,565.05,2025-01-01T17:50:00Z
3fde3af2-7f5e-4113-9631-994ae64f7fd6,ee65b564-e620-4788-8f07-a80a0a7012bf,10.39,2025-01-01T17:51:00Z
367bd1f9-0594-441e-b1d0-49a27e2cf8ec,48a3d632-c7b3-4be0-b6a2-f45d87982aaa,918.05,2025-01-01T17:52:00Z
b8b19447-16a9-4674-92c3-b547525502d9,ef23e802-10e3-4bfa-8298-55e31b7878bf,726.87,2025-01-01T17:53:00Z
b4f3b38c-bf4d-4481-8ae5-9c72c55018ed,7c5d281c-0a8c-4736-b2c0-f50b35942628,372.29,2025-01-01T17:54:00Z
e9c7992c-c060-4de7-afc0-8fd6417770a2,invalid-user,492.47,2025-01-01T17:55:00Z
0969dcfa-05d1-467e-9aa9-e1a52f510473,ad6fd9e6-4540-4feb-8602-3b658a5b7db3,13.74,2025-01-01T17:56:00Z
7d3eca87-21ba-48b7-9176-fcbaf68428a6,feef92e2-5b5c-4abb-b735-565474f4c730,897.86,2025-01-01T17:57:00Z
1fe9618b-64fe-4af6-9620-7b5dc755104c,aa1e1e6c-3bfc-45f7-98f1-e5f66c1dab07,735.43,2025-01-01T17:58:00Z
9a503762-3111-4a05-9030-c25c5a390ba0,4127f6d1-7238-4aad-9c25-ff374a43a716,176.58,2025-01-01T17:59:00Z
T480,12f53c75-b91f-4c94-b57f-4dac37507dbe,-760,invalid-date
f799efd5-804f-4d77-a38f-afa960d5e2d2,67ad17b9-5775-40c3-9fab-33095c54a89b,487.85,2025-01-01T18:01:00Z
fb51497b-18d5-4345-b8f7-c558cf2248f0,a919239e-90ef-4df0-acf1-80e0d71c7d6a,413.15,2025-01-01T18:02:00Z
38075c24-9508-4218-9e94-c4cc8a7f487d,72ccf378-ef0b-4b59-b2f5-ea4e43e235b9,376.3,2025-01-01T18:03:00Z
80af2a6e-df6c-4bf7-87c2-173e52e63960,b1d2f8aa-24f1-4908-8abf-e377c8cb98dd,abc,2025-01-01T18:04:00Z
bdd360fb-6f3d-41c1-98e4-9328017a995c,867e43aa-bc4d-4b8d-94f5-e3c5732911b4,348.0,2025-01-01T18:05:00Z
8c10f981-f219-49d4-94c2-2275371f7bcd,830fd183-dc15-4c04-b4c3-cc4d8db8a254,71228,2025-01-01T18:06:00Z
2c226032-e6b1-4002-9cad-e8df4c82fd54,78af3c02-f8a2-461e-b493-5af58f4d3e21,61.67,2025-01-01T18:07:00Z
7738b1c6-b858-4864-98dd-70266604da54,0e183385-e047-4ff0-8626-d7e58bf46672,864.79,2025-01-01T18:08:00Z
5d188ddb-d331-4a45-8759-be4cb7b035bf,329e9d3e-2482-4241-a1fe-ff3bd01c44ad,925.22,2025-01-01T18:09:00Z
acedd179-71bd-4266-bfd4-ff82f907100f,15cdefe5-4e49-4a75-8789-773bdfea0d04,647.33,2025-01-01T18:10:00Z
8f21aeb5-30df-4337-86df-e1110ab98077,faafc397-e108-417f-a94d-2a0c26420880,525.8,2025-01-01T18:11:00Z
c9d9733e-3c15-4db7-ac47-879fe622235d,d84c9bdb-a533-48db-87cc-7143c820ceec,45.95,2025-01-01T18:12:00Z
9ae26138-cbf2-44cf-a304-ce9ea2153654,c224951d-d5c7-4b0e-9b51-362905f4eb4e,741.75,2025-01-01T18:13:00Z
a0829f18-d90d-4017-9da2-361b12879940,efd1a1a9-0b5b-4c6e-9efb-61a55913ffc0,253.09,2025-01-01T18:14:00Z
49808a1e-85c6-41b0-8859-46db56309bf1,9dfb2c75-50be-4c92-95ed-f25542fff90a,-451,2025-01-01T18:15:00Z
a5ab964e-42d0-491c-8662-4e4dc2bc0b74,71cb8a20-34c6-46c9-abf3-edf0bc9c54b1,297.29,2025-01-01T18:16:00Z
49d08d2e-04a3-45d7-be4e-551c2ffa7374,c7d3d24d-f019-4621-b94e-784cfdb611d5,561.73,2025-01-01T18:17:00Z
918a234d-3b18-4836-9412-81fa52700404,e6579d93-872d-4a67-85ea-8b74b28b3db7,278.21,2025-01-01T18:18:00Z
8b1d9de7-52e7-4322-a3df-41d90d849c95,ffee0c1f-2a53-4073-8630-fb518e75b714,290.85,2025-01-01T18:19:00Z
